summ_idx,f_name,dir_path,create_dt,modified_dt
1,script_12.sas,test_gen,2023-06-18T13:56:27.126240,2023-06-18T13:56:27.126240
2,script_13.sas,test_gen,2023-06-18T13:56:27.126531,2023-06-18T13:56:27.126531
3,script_39.sas,test_gen,2023-06-18T13:56:27.136552,2023-06-18T13:56:27.136552
4,script_11.sas,test_gen,2023-06-18T13:56:27.125795,2023-06-18T13:56:27.125795
5,script_10.sas,test_gen,2023-06-18T13:56:27.125419,2023-06-18T13:56:27.125419
6,script_38.sas,test_gen,2023-06-18T13:56:27.136110,2023-06-18T13:56:27.136110
7,script_14.sas,test_gen,2023-06-18T13:56:27.126773,2023-06-18T13:56:27.126773
8,script_28.sas,test_gen,2023-06-18T13:56:27.132201,2023-06-18T13:56:27.132201
9,script_29.sas,test_gen,2023-06-18T13:56:27.132526,2023-06-18T13:56:27.132526
10,script_15.sas,test_gen,2023-06-18T13:56:27.127118,2023-06-18T13:56:27.127118
11,script_17.sas,test_gen,2023-06-18T13:56:27.127884,2023-06-18T13:56:27.127884
12,script_16.sas,test_gen,2023-06-18T13:56:27.127412,2023-06-18T13:56:27.127412
13,script_59.sas,test_gen,2023-06-18T13:56:27.146090,2023-06-18T13:56:27.146090
14,script_65.sas,test_gen,2023-06-18T13:56:27.150274,2023-06-18T13:56:27.150274
15,script_8.sas,test_gen,2023-06-18T13:56:27.124564,2023-06-18T13:56:27.124564
16,script_71.sas,test_gen,2023-06-18T13:56:27.153230,2023-06-18T13:56:27.153230
17,script_9.sas,test_gen,2023-06-18T13:56:27.125044,2023-06-18T13:56:27.125044
18,script_70.sas,test_gen,2023-06-18T13:56:27.152705,2023-06-18T13:56:27.152705
19,script_64.sas,test_gen,2023-06-18T13:56:27.148282,2023-06-18T13:56:27.148282
20,script_58.sas,test_gen,2023-06-18T13:56:27.145646,2023-06-18T13:56:27.145646
21,script_99.sas,test_gen,2023-06-18T13:56:27.165915,2023-06-18T13:56:27.165915
22,script_72.sas,test_gen,2023-06-18T13:56:27.153681,2023-06-18T13:56:27.153681
23,script_66.sas,test_gen,2023-06-18T13:56:27.151039,2023-06-18T13:56:27.151039
24,script_67.sas,test_gen,2023-06-18T13:56:27.151331,2023-06-18T13:56:27.151331
25,script_73.sas,test_gen,2023-06-18T13:56:27.154288,2023-06-18T13:56:27.154288
26,script_98.sas,test_gen,2023-06-18T13:56:27.165495,2023-06-18T13:56:27.165495
27,script_88.sas,test_gen,2023-06-18T13:56:27.161449,2023-06-18T13:56:27.161449
28,script_77.sas,test_gen,2023-06-18T13:56:27.156059,2023-06-18T13:56:27.156059
29,script_63.sas,test_gen,2023-06-18T13:56:27.147751,2023-06-18T13:56:27.147751
30,script_62.sas,test_gen,2023-06-18T13:56:27.147485,2023-06-18T13:56:27.147485
31,script_76.sas,test_gen,2023-06-18T13:56:27.155647,2023-06-18T13:56:27.155647
32,script_89.sas,test_gen,2023-06-18T13:56:27.161824,2023-06-18T13:56:27.161824
33,script_60.sas,test_gen,2023-06-18T13:56:27.146466,2023-06-18T13:56:27.146466
34,script_74.sas,test_gen,2023-06-18T13:56:27.154645,2023-06-18T13:56:27.154645
35,script_48.sas,test_gen,2023-06-18T13:56:27.141056,2023-06-18T13:56:27.141056
36,script_49.sas,test_gen,2023-06-18T13:56:27.141489,2023-06-18T13:56:27.141489
37,script_75.sas,test_gen,2023-06-18T13:56:27.155105,2023-06-18T13:56:27.155105
38,script_61.sas,test_gen,2023-06-18T13:56:27.146974,2023-06-18T13:56:27.146974
39,script_87.sas,test_gen,2023-06-18T13:56:27.161006,2023-06-18T13:56:27.161006
40,script_93.sas,test_gen,2023-06-18T13:56:27.163502,2023-06-18T13:56:27.163502
41,script_78.sas,test_gen,2023-06-18T13:56:27.156730,2023-06-18T13:56:27.156730
42,script_1.sas,test_gen,2023-06-18T13:56:27.122014,2023-06-18T13:56:27.122014
43,script_44.sas,test_gen,2023-06-18T13:56:27.139077,2023-06-18T13:56:27.139077
44,script_50.sas,test_gen,2023-06-18T13:56:27.141825,2023-06-18T13:56:27.141825
45,script_51.sas,test_gen,2023-06-18T13:56:27.142304,2023-06-18T13:56:27.142304
46,script_45.sas,test_gen,2023-06-18T13:56:27.139649,2023-06-18T13:56:27.139649
47,script_79.sas,test_gen,2023-06-18T13:56:27.157123,2023-06-18T13:56:27.157123
48,script_92.sas,test_gen,2023-06-18T13:56:27.163117,2023-06-18T13:56:27.163117
49,script_86.sas,test_gen,2023-06-18T13:56:27.160506,2023-06-18T13:56:27.160506
50,script_100.sas,test_gen,2023-06-18T13:56:27.166392,2023-06-18T13:56:27.166392
51,script_90.sas,test_gen,2023-06-18T13:56:27.162246,2023-06-18T13:56:27.162246
52,script_84.sas,test_gen,2023-06-18T13:56:27.159648,2023-06-18T13:56:27.159648
53,script_2.sas,test_gen,2023-06-18T13:56:27.122400,2023-06-18T13:56:27.122400
54,script_53.sas,test_gen,2023-06-18T13:56:27.143324,2023-06-18T13:56:27.143324
55,script_47.sas,test_gen,2023-06-18T13:56:27.140457,2023-06-18T13:56:27.140457
56,script_46.sas,test_gen,2023-06-18T13:56:27.140059,2023-06-18T13:56:27.140059
57,script_52.sas,test_gen,2023-06-18T13:56:27.142772,2023-06-18T13:56:27.142772
58,script_3.sas,test_gen,2023-06-18T13:56:27.122867,2023-06-18T13:56:27.122867
59,script_85.sas,test_gen,2023-06-18T13:56:27.160118,2023-06-18T13:56:27.160118
60,script_91.sas,test_gen,2023-06-18T13:56:27.162748,2023-06-18T13:56:27.162748
61,script_95.sas,test_gen,2023-06-18T13:56:27.164418,2023-06-18T13:56:27.164418
62,script_81.sas,test_gen,2023-06-18T13:56:27.158231,2023-06-18T13:56:27.158231
63,script_56.sas,test_gen,2023-06-18T13:56:27.144679,2023-06-18T13:56:27.144679
64,script_42.sas,test_gen,2023-06-18T13:56:27.137972,2023-06-18T13:56:27.137972
65,script_7.sas,test_gen,2023-06-18T13:56:27.124128,2023-06-18T13:56:27.124128
66,script_6.sas,test_gen,2023-06-18T13:56:27.123746,2023-06-18T13:56:27.123746
67,script_43.sas,test_gen,2023-06-18T13:56:27.138534,2023-06-18T13:56:27.138534
68,script_57.sas,test_gen,2023-06-18T13:56:27.145294,2023-06-18T13:56:27.145294
69,script_80.sas,test_gen,2023-06-18T13:56:27.157623,2023-06-18T13:56:27.157623
70,script_94.sas,test_gen,2023-06-18T13:56:27.164036,2023-06-18T13:56:27.164036
71,script_82.sas,test_gen,2023-06-18T13:56:27.158752,2023-06-18T13:56:27.158752
72,script_96.sas,test_gen,2023-06-18T13:56:27.164706,2023-06-18T13:56:27.164706
73,script_41.sas,test_gen,2023-06-18T13:56:27.137469,2023-06-18T13:56:27.137469
74,script_55.sas,test_gen,2023-06-18T13:56:27.144225,2023-06-18T13:56:27.144225
75,script_4.sas,test_gen,2023-06-18T13:56:27.123133,2023-06-18T13:56:27.123133
76,script_69.sas,test_gen,2023-06-18T13:56:27.152168,2023-06-18T13:56:27.152168
77,script_68.sas,test_gen,2023-06-18T13:56:27.151699,2023-06-18T13:56:27.151699
78,script_5.sas,test_gen,2023-06-18T13:56:27.123476,2023-06-18T13:56:27.123476
79,script_54.sas,test_gen,2023-06-18T13:56:27.143767,2023-06-18T13:56:27.143767
80,script_40.sas,test_gen,2023-06-18T13:56:27.137100,2023-06-18T13:56:27.137100
81,script_97.sas,test_gen,2023-06-18T13:56:27.165130,2023-06-18T13:56:27.165130
82,script_83.sas,test_gen,2023-06-18T13:56:27.159199,2023-06-18T13:56:27.159199
83,script_27.sas,test_gen,2023-06-18T13:56:27.131699,2023-06-18T13:56:27.131699
84,script_33.sas,test_gen,2023-06-18T13:56:27.134246,2023-06-18T13:56:27.134246
85,script_32.sas,test_gen,2023-06-18T13:56:27.133915,2023-06-18T13:56:27.133915
86,script_26.sas,test_gen,2023-06-18T13:56:27.131172,2023-06-18T13:56:27.131172
87,script_18.sas,test_gen,2023-06-18T13:56:27.128421,2023-06-18T13:56:27.128421
88,script_30.sas,test_gen,2023-06-18T13:56:27.132997,2023-06-18T13:56:27.132997
89,script_24.sas,test_gen,2023-06-18T13:56:27.130497,2023-06-18T13:56:27.130497
90,script_25.sas,test_gen,2023-06-18T13:56:27.130824,2023-06-18T13:56:27.130824
91,script_31.sas,test_gen,2023-06-18T13:56:27.133451,2023-06-18T13:56:27.133451
92,script_19.sas,test_gen,2023-06-18T13:56:27.128760,2023-06-18T13:56:27.128760
93,script_35.sas,test_gen,2023-06-18T13:56:27.134953,2023-06-18T13:56:27.134953
94,script_21.sas,test_gen,2023-06-18T13:56:27.129372,2023-06-18T13:56:27.129372
95,script_20.sas,test_gen,2023-06-18T13:56:27.129059,2023-06-18T13:56:27.129059
96,script_34.sas,test_gen,2023-06-18T13:56:27.134619,2023-06-18T13:56:27.134619
97,script_22.sas,test_gen,2023-06-18T13:56:27.129803,2023-06-18T13:56:27.129803
98,script_36.sas,test_gen,2023-06-18T13:56:27.135335,2023-06-18T13:56:27.135335
99,script_37.sas,test_gen,2023-06-18T13:56:27.135699,2023-06-18T13:56:27.135699
100,script_23.sas,test_gen,2023-06-18T13:56:27.130168,2023-06-18T13:56:27.130168
